{"cameraMode":{"drawMode":0,"name":"Shaded","section":"Shading Mode"},"sceneLighting":true,"audioPlay":false,"sceneViewState":{"m_AlwaysRefresh":false,"showFog":true,"showSkybox":true,"showFlares":true,"showImageEffects":true,"showParticleSystems":true,"showVisualEffectGraphs":true,"m_FxEnabled":true},"in2DMode":false,"pivot":{"x":19.0897159576416,"y":5.192118167877197,"z":-0.9122532606124878},"rotation":{"x":0.004190079402178526,"y":-0.012902164831757546,"z":-0.00005517545287148096,"w":-0.9999209046363831},"size":4.828161239624023,"orthographic":true}